{
  "timestamp": "2026-05-05T15:35:51.493Z",
  "seedConfig": {
    "count": 100,
    "stockPerProduct": 2000,
    "totalStock": 200000
  },
  "results": {
    "checkoutSuccess200": 11141,
    "checkoutSoldOut400": 10460,
    "checkoutCartEmpty400": 222,
    "checkoutBadRequestOther400": 0,
    "checkoutServerErrors5xx": 0,
    "cartAddFailures": 0
  },
  "stock": {
    "initial": 200000,
    "sold": 11141,
    "remaining": 188859
  },
  "latencyMs": {
    "max": 4287.4515,
    "avg": 456.6983746412147,
    "min": 0,
    "med": 419.0396,
    "p(90)": 811.642,
    "p(95)": 961.0758799999995,
    "p(99)": 1366.0583960000001
  },
  "pass": true
}