{
  "timestamp": "2026-05-05T12:19:44.263Z",
  "seedConfig": {
    "count": 100,
    "stockPerProduct": 2000,
    "totalStock": 200000
  },
  "results": {
    "checkoutSuccess200": 10851,
    "checkoutSoldOut400": 0,
    "checkoutCartEmpty400": 0,
    "checkoutBadRequestOther400": 0,
    "checkoutServerErrors5xx": 198,
    "cartAddFailures": 25225
  },
  "stock": {
    "initial": 200000,
    "sold": 10851,
    "remaining": 189149
  },
  "latencyMs": {
    "max": 3810.1561,
    "avg": 1253.0797087700325,
    "min": 24.1465,
    "med": 1260.0273,
    "p(90)": 2098.8790200000003,
    "p(95)": 2358.9266000000002,
    "p(99)": 2773.390428
  },
  "pass": false
}