{
  "timestamp": "2026-05-05T15:31:13.200Z",
  "seedConfig": {
    "count": 100,
    "stockPerProduct": 2000,
    "totalStock": 200000
  },
  "results": {
    "checkoutSuccess200": 20954,
    "checkoutSoldOut400": 0,
    "checkoutCartEmpty400": 0,
    "checkoutBadRequestOther400": 0,
    "checkoutServerErrors5xx": 0,
    "cartAddFailures": 0
  },
  "stock": {
    "initial": 200000,
    "sold": 20954,
    "remaining": 179046
  },
  "latencyMs": {
    "p(95)": 966.8419399999989,
    "p(99)": 2610.8140130000006,
    "max": 3574.0985,
    "avg": 486.44707350763906,
    "min": 0,
    "med": 419.7278,
    "p(90)": 779.0331200000002
  },
  "pass": true
}