{
  "timestamp": "2026-05-05T12:37:15.073Z",
  "seedConfig": {
    "count": 100,
    "stockPerProduct": 2000,
    "totalStock": 200000
  },
  "results": {
    "checkoutSuccess200": 8669,
    "checkoutSoldOut400": 487,
    "checkoutCartEmpty400": 71,
    "checkoutBadRequestOther400": 0,
    "checkoutServerErrors5xx": 494,
    "cartAddFailures": 24557
  },
  "stock": {
    "initial": 200000,
    "sold": 8669,
    "remaining": 191331
  },
  "latencyMs": {
    "avg": 1564.081910492758,
    "min": 22.1398,
    "med": 1356.0841,
    "p(90)": 2372.7389,
    "p(95)": 4977.0666,
    "p(99)": 8923.845119999984,
    "max": 10418.855
  },
  "pass": false
}