{
  "timestamp": "2026-05-05T15:51:29.219Z",
  "seedConfig": {
    "count": 100,
    "stockPerProduct": 2000,
    "totalStock": 200000
  },
  "results": {
    "checkoutSuccess200": 37788,
    "checkoutSoldOut400": 0,
    "checkoutCartEmpty400": 0,
    "checkoutBadRequestOther400": 0,
    "checkoutServerErrors5xx": 0,
    "cartAddFailures": 0
  },
  "stock": {
    "initial": 200000,
    "sold": 37788,
    "remaining": 162212
  },
  "latencyMs": {
    "p(90)": 613.2348600000007,
    "p(95)": 741.5491550000002,
    "p(99)": 973.7465739999992,
    "max": 1510.4992,
    "avg": 345.76683954429865,
    "min": 19.7672,
    "med": 304.21630000000005
  },
  "pass": true
}