{
  "timestamp": "2026-05-05T14:58:46.184Z",
  "seedConfig": {
    "count": 100,
    "stockPerProduct": 2000,
    "totalStock": 200000
  },
  "results": {
    "checkoutSuccess200": 24045,
    "checkoutSoldOut400": 0,
    "checkoutCartEmpty400": 0,
    "checkoutBadRequestOther400": 0,
    "checkoutServerErrors5xx": 0,
    "cartAddFailures": 0
  },
  "stock": {
    "initial": 200000,
    "sold": 24045,
    "remaining": 175955
  },
  "latencyMs": {
    "min": 0,
    "med": 636.4993999999999,
    "p(90)": 1211.95231,
    "p(95)": 1419.05736,
    "p(99)": 1816.3474319999982,
    "max": 2926.2158,
    "avg": 689.9834917924013
  },
  "pass": true
}