{
  "timestamp": "2026-05-05T12:27:38.022Z",
  "seedConfig": {
    "count": 100,
    "stockPerProduct": 2000,
    "totalStock": 200000
  },
  "results": {
    "checkoutSuccess200": 11838,
    "checkoutSoldOut400": 0,
    "checkoutCartEmpty400": 0,
    "checkoutBadRequestOther400": 0,
    "checkoutServerErrors5xx": 436,
    "cartAddFailures": 25428
  },
  "stock": {
    "initial": 200000,
    "sold": 11838,
    "remaining": 188162
  },
  "latencyMs": {
    "med": 1205.2799,
    "p(90)": 2010.2470700000001,
    "p(95)": 2205.6373800000006,
    "p(99)": 2518.0442090000006,
    "max": 3269.546,
    "avg": 1194.3334707430352,
    "min": 45.771
  },
  "pass": false
}